{
    "name": "Waterbending bitch slap",
    "description": "Submerged in water, send out a crescent wave to bitch slap your foes dealing knockback, healing you 2 hearts, and dealing 5 damage.",
    "type": "origins:active_self",
    "entity_action": {
        "type": "origins:and",
        "actions": [
            {
                "type": "origins:area_of_effect",
                "radius": 16,
                "bientity_action": {
                    "type": "origins:and",
                    "actions": [
                    {
                        "type": "origins:add_velocity",
                        "z": 4,
                        "y": 1.1
                    },
                    {
                        "type": "origins:target_action",
                        "action": {
                            "type": "origins:and",
                            "actions": [
                                {
                            "type": "origins:execute_command",
                            "command": "particle minecraft:bubble_column_up ~ ~0.2 ~ 0.3 0.1 0.3 0.15 20 normal",
                            "permission_level": 4
                                },
                                {
                                    "type": "origins:damage",
                                    "amount": 5,
                                    "damage_type": "minecraft:magic"
                                }
                            ]
                        }
                    }
                ]
                },
                "bientity_condition": {
                    "type": "origins:target_condition",
                    "condition": {
                        "type": "origins:and",
                        "conditions": [
                            {
                                "type": "origins:living"
                            },
                            {
                                "type": "origins:can_see",
                                "fluid_handling": "none"                            
                            },
                            {
                                "type": "origins:submerged_in",
                                "fluid": "minecraft:water"
                            }
                        ]
                    }
                }
            },
            {
                "type": "origins:swing_hand",
                "hand": "MAIN_HAND"
            },
            {
                "type": "origins:heal",
                "amount": 4
            }
        ]
    },
    "cooldown": 300,
    "hud_render": {
        "should_render": true,
        "sprite_location": "origins:textures/gui/community/spiderkolo/resource_bar_01.png",
        "bar_index": 2
    },
    "key": {
        "key": "key.origins.primary_active"
    },
    "condition": {
        "type": "origins:submerged_in",
        "fluid": "minecraft:water"
    }
}