{
    "name": "YOU ARE TRANS. PERIOD",
    "description": "All of the transphobic haters will be revealed for whom they truly are upon being transphobic.",
    "type": "origins:attacker_action_when_hit",
    "entity_action": {
        "type": "origins:and",
        "actions": [
            {
                "type": "origins:execute_command",
                "command": "say I am transphobic!"
            },
            {
                "type": "origins:apply_effect",
                "effect": {
                    "effect": "minecraft:glowing",
                    "duration": 100,
                    "amplifier": 0,
                    "show_particles": false
                }
            }
        ]
    },
    "cooldown": 1
  }