{
    "name":"Get Away!",
    "description":"You slam your foot down and knockback all entities.",
    "type": "origins:active_self",
    "entity_action": {
        "type": "origins:area_of_effect",
        "radius": 6,
        "bientity_action": {
            "type": "origins:add_velocity",
            "z": 4,
            "y": 1.1
        },
        "bientity_condition": {
            "type": "origins:target_condition",
            "condition": {
                "type": "origins:living"
            }
        }
    },
    "cooldown": 200,
    "hud_render": {
        "should_render": true,
		"sprite_location": "origins:textures/gui/community/spiderkolo/resource_bar_03.png",
		"bar_index": 15
    }
}