{
    "name": "Peaceful Regen",
    "description": "You regenerate for 10 seconds.",
    "type": "origins:active_self",
    "entity_action": {
        "type": "origins:apply_effect",
        "effect": {
            "effect": "minecraft:regeneration",
            "duration": 200,
            "amplifier": 1,
            "is_ambient": false,
            "show_particles": false,
            "show_icon": true
        }
    },
    "cooldown": 600,
    "hud_render": {
        "should_render": true,
		"sprite_location": "origins:textures/gui/community/huang/resource_bar_02.png",
		"bar_index": 14
    },
    "key":{
        "key": "key.origins.secondary_active"
    }
}