{
    "name": "Gust",
    "description": "You blast air underneath you to launch yourself aloft in the air.",
    "condition": {
        "type": "origins:resource",
        "resource": "potw:lex/energy_resource",
        "comparison": ">",
        "compare_to": 0
    },
    "type": "origins:active_self",
    "entity_action": {
        "type": "origins:and",
        "actions": [
            {
                "type": "origins:execute_command",
                "command": "playsound minecraft:entity.ender_dragon.flap master @a[distance=0..10] ~ ~ ~ 99 0"
            },
            {
                "type": "origins:add_velocity",
                "z": 0.5,
                "space": "local"
            },
            {
                "type": "origins:add_velocity",
                "y": 0.6,
                "space": "world"
            },
            {
                "type": "origins:exhaust",
                "amount": 0.5
            },
            {
                "type": "origins:change_resource",
                "resource": "potw:lex/energy_resource",
                "change": -2,
                "operation": "add"
            }
        ]
    },
    "cooldown": 10,
    "hud_render": {
        "should_render": false
    },
    "key": {
        "key": "key.origins.primary_active"
    }
}