{
    
    "name": "Leap",
	"description": "You can perform a long jump by pressing [Primary] key, has 3 charges which restores over time.",
    "type": "origins:multiple",
    "jump_cooldown":{
        "type": "origins:action_over_time",
        "interval": 240,
        "entity_action": {
            "type": "origins:change_resource",
            "resource": "potw:demon/jump_jump_count",
            "change": 1
        }
    },
    "jump_count":{
            "type": "origins:resource",
            "min": 0,
            "max": 3,
            "start_value": 3,
            "hud_render": {
                "should_render": true,
                "sprite_location": "origins:textures/gui/resource_bar.png",
                "bar_index": 5
            }
    },
    "jump": {
        "type": "origins:active_self",
        "entity_action": {
            "type": "origins:and",
            "actions": [
                {
                    "type": "origins:change_resource",
                    "resource": "potw:demon/jump_jump_count",
                    "change": -1
                },
                {
                    "type": "origins:execute_command",
                    "command": "particle minecraft:large_smoke ~ ~0.2 ~ 0.3 0.1 0.3 0.15 20 normal",
                    "permission_level": 4
                },
                {
                    "type": "origins:add_velocity",
                    "z": 0.7,
                    "space": "local"
                },
                {
                    "type": "origins:add_velocity",
                    "y": 0.4
                },
                {
                    "type": "origins:play_sound",
                    "sound": "minecraft:entity.phantom.flap"
                },
                {
                    "type": "origins:exhaust",
                    "amount": 1
                }
            ]
        },
        "cooldown": 15,
        "hud_render": {
            "should_render": false
        },
          "condition": {
            "type": "origins:and",
            "conditions": [
                {
                    "type": "origins:fall_flying",
                    "inverted": true
                },
                {
                    "type": "origins:submerged_in",
                    "fluid": "minecraft:water",
                    "inverted": true
                },
                {
                    "type": "origins:sneaking",
                    "inverted": true
                },
                {
                    "type": "origins:resource",
                    "resource": "potw:demon/jump_jump_count",
                    "comparison": ">=",
                    "compare_to": 1
                }
            ]
        },
        "key": {
            "key": "key.origins.primary_active"
        }
    }
}