{
    "name": "Angel Form",
    "description": "The light of your blessings raise and nurture you.",
    "type": "origins:multiple",
    "pac_count":{
        "type": "origins:resource",
        "min": 0,
        "max": 300,
        "start_value": 0,
        "hud_render": {
            "should_render": true,
            "sprite_location": "origins:textures/gui/community/spiderkolo/resource_bar_01.png",
            "bar_index": 23,
            "condition": {
                "type": "origins:resource",
                "resource": "potw:demon/mode",
                "comparison": "==",
                "compare_to": 1
            }
        }
        
    },
    
    "pac_count_on_kill":{
        "type": "origins:self_action_on_kill",
        "cooldown": 1,
        "entity_action": {
            "type": "origins:change_resource",
            "resource": "potw:demon/pacifist_pac_count",
            "change": -50
        },
        "condition": {
            "type": "origins:resource",
            "resource": "potw:demon/mode",
            "comparison": "==",
            "compare_to": 1
        }
    },
    "pac_count_evolve":{
        "type": "origins:action_over_time",
        "interval": 40,
        "entity_action": {
            "type": "origins:and",
            "actions": [
          {
              "type": "origins:execute_command",
                "command": "particle minecraft:soul ~ ~1 ~ 0 0.3 0 0.2 50 normal",
                "permission_level": 4
          },
          {
              "type": "origins:play_sound",
                "sound": "minecraft:entity.illusioner.prepare_mirror"
          }]
        },
        "condition": {
            "type": "origins:and",
            "conditions": [{
            "type": "origins:or",
            "conditions": [
            {
                "type": "origins:resource",
                "resource": "potw:demon/pacifist_pac_count",
                "comparison": "==",
                "compare_to": 99
            },
            {
                "type": "origins:resource",
                "resource": "potw:demon/pacifist_pac_count",
                "comparison": "==",
                "compare_to": 299
            }]
            },
            {
                "type": "origins:resource",
                "resource": "potw:demon/mode",
                "comparison": "==",
                "compare_to": 1
            }
            ]
        }
    },
    "pac_count_on_death":{
        "type": "origins:action_on_callback",
        "entity_action_respawned":	{
            "type": "origins:change_resource",
                "resource": "potw:demon/pacifist_pac_count",
                "change": -300
          }
    },
    "pac_count_on_time":{
        "type": "origins:action_over_time",
        "interval": 50,
        "entity_action": {
            "type": "origins:change_resource",
            "resource": "potw:demon/pacifist_pac_count",
            "change": 1
        },
        "condition": {
            "type": "origins:resource",
            "resource": "potw:demon/mode",
            "comparison": "==",
            "compare_to": 1
        }
    },
    "stealth":{
        "type": "origins:invisibility",
        "render_armor": false,
        "condition": {
            "type": "origins:and",
            "conditions": [
                {
            "type": "origins:status_effect",
            "effect": "minecraft:invisibility",
            "min_amplifier": 0
                },
                {
                    "type": "origins:resource",
                    "resource": "potw:demon/mode",
                    "comparison": "==",
                    "compare_to": 1
                },
                {
                    "type": "origins:resource",
                    "resource": "potw:demon/pacifist_pac_count",
                    "comparison": ">=",
                    "compare_to": 300
                }
            ]
        }
    },
    "stealthup":{
        "type": "origins:action_over_time",
        "entity_action":{
            "type": "origins:apply_effect",
            "effect": {
                "effect": "minecraft:invisibility",
                "duration": 200,
                "amplifier": 0,
                "show_particle": false
            }
        },
        "interval": 100,
        "condition": {
            "type": "origins:and",
            "conditions": [
                {
            "type": "origins:status_effect",
            "effect": "minecraft:invisibility",
            "min_amplifier": 0
                },
                {
                    "type": "origins:resource",
                    "resource": "potw:demon/mode",
                    "comparison": "==",
                    "compare_to": 1
                },
                {
                    "type": "origins:resource",
                    "resource": "potw:demon/pacifist_pac_count",
                    "comparison": ">=",
                    "compare_to": 300
                }
            ]
        }
    },
    "photosynthesis":{
            "condition": {
                "type": "origins:and",
                "conditions": [
                    {
                        "type": "origins:exposed_to_sun"
                    },
                    {
                        "type": "origins:resource",
                        "resource": "potw:demon/mode",
                        "comparison": "==",
                        "compare_to": 1
                    }
                ]
            },
            "type": "origins:action_over_time",
            "interval": 400,
            "entity_action": {
                "type": "origins:feed",
                "food": 2,
                "saturation": 1
            }
    },
    "demonweak":{
        "type": "origins:conditioned_attribute",
        "modifier": {
            "attribute": "minecraft:generic.attack_damage",
            "operation": "addition",
            "value": -1
        },
        "tick_rate": 20,
        "condition": {
            "type": "origins:resource",
            "resource": "potw:demon/mode",
            "comparison": "==",
            "compare_to": 1
        }
    },
    "uppermoon":{
        "type": "origins:action_over_time",
          "entity_action": {
          "type": "origins:apply_effect",
            "effects": [{
                "effect":"minecraft:haste",
                "duration": 200,
                "amplifier": 3,
                "is_ambient": true,
                "show_particle": false,
                "show_icon": false
            },
            {
                "effect":"minecraft:regeneration",
                "duration": 200,
                "amplifier": 1,
                "is_ambient": true,
                "show_particle": false,
                "show_icon": false
            }
        ]
            },
        "condition": {
            "type": "origins:and",
            "conditions": [
                {
                "type": "origins:resource",
                "resource": "potw:demon/pacifist_pac_count",
                "comparison": ">=",
                "compare_to": 300
                },
                {
                    "type": "origins:resource",
                    "resource": "potw:demon/mode",
                    "comparison": "==",
                    "compare_to": 1
                }
            ]
        },
        "interval": 100	
        },
    "lesserdemon":{
        "type": "origins:action_over_time",
          "entity_action": {
          "type": "origins:apply_effect",
            "effects": [{
                "effect":"minecraft:regeneration",
                "duration": 200,
                "is_ambient": true,
                "show_particle": false,
                "show_icon": false
              },
              {
                "effect":"minecraft:speed",
                "duration": 200,
                "amplifier": 1,
                "is_ambient": true,
                "show_particle": false,
                "show_icon": false
              },
              {
                "effect":"minecraft:haste",
                "duration": 200,
                "amplifier": 0,
                "is_ambient": true,
                "show_particle": false,
                "show_icon": false
              }
            ]
            },
        "interval": 100,
        "condition": {
            "type": "origins:resource",
            "resource": "potw:demon/mode",
            "comparison": "==",
            "compare_to": 1
        }
    }
}