{
    "type": "origins:active_self",
    "entity_action": {
        "type": "origins:if_else",
        "condition": {
            "type": "origins:resource",
            "resource": "potw:demon/mode",
            "comparison": "==",
            "compare_to": 0
        },
        "if_action": {
            "type": "origins:and",
            "actions": [
                {
                    "type": "origins:change_resource",
                    "resource": "potw:demon/mode",
                    "operation": "set",
                    "change": 1
                },
                {
                    "type": "origins:change_resource",
                    "resource": "potw:demon/killer_kill_count",
                    "change": -10
                }
            ]
        },
        "else_action": {
            "type": "origins:and",
            "actions": [
                {
                    "type": "origins:change_resource",
                    "resource": "potw:demon/mode",
                    "operation": "set",
                    "change": 0
                },
                {
                    "type": "origins:change_resource",
                    "resource": "potw:demon/pacifist_pac_count",
                    "change": -100
                }
            ]
        }
    },
    "cooldown": 200,
    "hud_render": {
        "should_render": true,
        "sprite_location": "origins:textures/gui/community/spiderkolo/resource_bar_03.png",
        "bar_index": 1
    },
    "key":{
        "key": "key.origins.secondary_active"
    },
    "name": "Hell swoop",
    "description": "Transition from angel to devil."
}